Name;ISIN;Symbol;Market;Currency;"Open Price";"High Price";"low Price";"last Price";"last Trade MIC Time";"Time Zone";Volume;Turnover;"Closing Price";"Closing Price DateTime"
"European Equities"
"18 Sep 2025"
"All datapoints provided as of end of last active trading day."
"2020 BULKERS";BMG9156K1018;2020;"Oslo Børs";NOK;145.00;147.60;144.80;145.00;"17/09/2025 16:25";CET;116425;16956817.90;145.00;17/09/2025
"ABG SUNDAL COLLIER";NO0003021909;ABG;"Oslo Børs";NOK;6.95;6.95;6.90;6.90;"17/09/2025 16:25";CET;108437;748789.48;6.90;17/09/2025
"ABL GROUP";NO0010715394;ABL;"Oslo Børs";NOK;9.12;9.16;9.04;9.10;"17/09/2025 16:25";CET;27889;252860.48;9.10;17/09/2025
"AF GRUPPEN";NO0003078107;AFG;"Oslo Børs";NOK;170.00;170.80;168.20;169.60;"17/09/2025 16:25";CET;63172;10684500.20;169.60;17/09/2025
AGILYX;NO0010872468;AGLX;"Oslo Børs";NOK;22.60;23.70;22.50;23.70;"17/09/2025 16:25";CET;19738;451915.60;23.70;17/09/2025
AIRTHINGS;NO0010895568;AIRX;"Oslo Børs";NOK;0.151;0.1585;0.145;0.157;"17/09/2025 16:25";CET;322658;47915.82;0.157;17/09/2025
AKASTOR;NO0010215684;AKAST;"Oslo Børs";NOK;11.36;11.46;11.26;11.34;"17/09/2025 16:25";CET;127499;1445952.20;11.34;17/09/2025
AKER;NO0010234552;AKER;"Oslo Børs";NOK;718.00;719.00;709.00;714.00;"17/09/2025 16:25";CET;29133;20799479.00;714.00;17/09/2025
"AKER BIOMARINE";NO0010886625;AKBM;"Oslo Børs";NOK;87.60;89.60;87.60;88.40;"17/09/2025 16:25";CET;12503;1111649.30;88.40;17/09/2025
"AKER BP";NO0010345853;AKRBP;"Oslo Børs";NOK;246.60;246.60;244.10;246.30;"17/09/2025 16:29";CET;626940;154222630.80;246.30;17/09/2025
"AKER CARBON CAPTUR";NO0010890304;ACC;"Oslo Børs";NOK;0.32;0.3574;0.28;0.29;"17/09/2025 16:29";CET;23081924;7101048.18;0.29;17/09/2025
"AKER HORIZONS";NO0010921232;AKH;"Oslo Børs";NOK;0.65;0.663;0.557;0.563;"17/09/2025 16:25";CET;16212761;9610518.24;0.563;17/09/2025
"AKER SOLUTIONS";NO0010716582;AKSO;"Oslo Børs";NOK;30.18;30.26;29.74;29.88;"17/09/2025 16:25";CET;568481;16999318.16;29.88;17/09/2025
"AKVA GROUP";NO0003097503;AKVA;"Oslo Børs";NOK;94.00;94.60;92.80;94.60;"17/09/2025 16:25";CET;685;64539.40;94.60;17/09/2025
AMSC;NO0010272065;AMSC;"Oslo Børs";NOK;1.488;1.492;1.48;1.492;"17/09/2025 16:25";CET;34901;51885.65;1.492;17/09/2025
ARCHER;BMG0451H2087;ARCH;"Oslo Børs";NOK;24.05;25.10;24.05;25.00;"17/09/2025 16:25";CET;278530;6941362.70;25.00;17/09/2025
"ARCTICZYMES TECHNO";NO0010014632;AZT;"Oslo Børs";NOK;25.60;26.00;25.10;25.10;"17/09/2025 16:25";CET;15164;388773.50;25.10;17/09/2025
"ARENDALS FOSSEKOMP";NO0003572802;AFK;"Oslo Børs";NOK;134.00;136.50;134.00;136.50;"17/09/2025 14:46";CET;1098;149219.00;136.50;17/09/2025
"ARRIBATEC GROUP";NO0012861667;ARR;"Oslo Børs";NOK;0.69;0.69;0.668;0.68;"17/09/2025 16:25";CET;711168;481103.52;0.68;17/09/2025
ATEA;NO0004822503;ATEA;"Oslo Børs";NOK;144.00;144.80;140.00;144.40;"17/09/2025 16:25";CET;109842;15719345.40;144.40;17/09/2025
"ATLANTIC SAPPHI TR";NO0013340802;ASAS;"Oslo Børs";NOK;0.37;0.371;0.37;0.371;"16/09/2025 16:25";CET;10000;3707.73;0.371;17/09/2025
"ATLANTIC SAPPHIRE";NO0013464750;ASA;"Oslo Børs";NOK;7.81;8.00;7.51;7.81;"17/09/2025 16:25";CET;65084;503604.32;7.81;17/09/2025
"AURSKOG SPAREBANK";NO0006001601;AURG;"Oslo Børs";NOK;241.95;242.00;241.95;241.95;"17/09/2025 15:42";CET;1712;414273.90;241.95;17/09/2025
"AUSTEVOLL SEAFOOD";NO0010073489;AUSS;"Oslo Børs";NOK;96.30;97.20;95.90;96.90;"17/09/2025 16:25";CET;52506;5080571.60;96.90;17/09/2025
"AUTOSTORE HOLDINGS";BMG0670A1099;AUTO;"Oslo Børs";NOK;9.625;9.815;9.17;9.325;"17/09/2025 16:25";CET;2877075;27123700.80;9.325;17/09/2025
AXACTOR;NO0010840515;ACR;"Oslo Børs";NOK;7.80;7.96;7.80;7.90;"17/09/2025 16:25";CET;285932;2252324.78;7.90;17/09/2025
"B2 Impact";NO0010633951;B2I;"Oslo Børs";NOK;16.40;16.50;16.30;16.40;"17/09/2025 16:25";CET;133523;2188440.16;16.40;17/09/2025
BAKKAFROST;FO0000000179;BAKKA;"Oslo Børs";NOK;476.20;484.80;475.20;483.60;"17/09/2025 16:28";CET;161847;78113826.80;483.60;17/09/2025
BERGENBIO;NO0013251173;BGBIO;"Oslo Børs";NOK;1.20;1.20;1.12;1.188;"17/09/2025 16:25";CET;106013;122277.69;1.188;17/09/2025
BEWI;NO0010890965;BEWI;"Oslo Børs";NOK;17.60;17.82;17.56;17.70;"17/09/2025 16:25";CET;115194;2035994.86;17.70;17/09/2025
"BIEN SPAREBANK";NO0012706763;BIEN;"Oslo Børs";NOK;138.00;138.00;138.00;138.00;"17/09/2025 16:25";CET;4;552.00;138.00;17/09/2025
BLUENORD;NO0010379266;BNOR;"Oslo Børs";NOK;446.00;454.00;441.00;452.50;"17/09/2025 16:25";CET;40367;18120484.50;452.50;17/09/2025
BONHEUR;NO0003110603;BONHR;"Oslo Børs";NOK;221.00;222.50;220.00;221.00;"17/09/2025 16:25";CET;7733;1709266.00;221.00;17/09/2025
BORGESTAD;NO0013256180;BOR;"Oslo Børs";NOK;18.45;18.45;17.90;17.95;"17/09/2025 16:25";CET;14779;267280.50;17.95;17/09/2025
BORREGAARD;NO0010657505;BRG;"Oslo Børs";NOK;203.00;203.00;200.00;200.50;"17/09/2025 16:25";CET;52984;10641057.00;200.50;17/09/2025
BOUVET;NO0010360266;BOUV;"Oslo Børs";NOK;66.40;67.20;66.10;66.10;"17/09/2025 16:25";CET;35349;2348093.80;66.10;17/09/2025
"BW ENERGY LIMITED";BMG0702P1086;BWE;"Oslo Børs";NOK;35.60;37.60;35.60;37.55;"17/09/2025 16:25";CET;44502;1659667.05;37.55;17/09/2025
"BW LPG";SGXZ69436764;BWLPG;"Oslo Børs";NOK;157.50;158.10;155.70;157.30;"17/09/2025 16:25";CET;262684;41205817.50;157.30;17/09/2025
"BW OFFSHORE LTD";BMG1738J1247;BWO;"Oslo Børs";NOK;35.50;35.50;34.75;35.25;"17/09/2025 16:25";CET;114474;4015937.85;35.25;17/09/2025
BYGGMA;NO0003087603;BMA;"Oslo Børs";NOK;15.00;15.00;13.80;14.90;"17/09/2025 16:02";CET;148561;2165059.10;14.90;17/09/2025
CADELER;DK0061412772;CADLR;"Oslo Børs";NOK;51.15;51.75;50.95;51.65;"17/09/2025 16:25";CET;277900;14312313.15;51.65;17/09/2025
"CAPSOL TECHNOLOGI";NO0010923121;CAPSL;"Oslo Børs";NOK;7.62;8.38;7.60;7.90;"17/09/2025 16:02";CET;116392;925254.30;7.90;17/09/2025
"CAVENDISH HYDROGEN";NO0013219535;CAVEN;"Oslo Børs";NOK;7.35;7.71;7.35;7.51;"17/09/2025 16:25";CET;45826;347754.55;7.51;17/09/2025
"CIRCIO HOLDING";NO0013033795;CRNA;"Oslo Børs";NOK;0.629;0.629;0.60;0.629;"17/09/2025 16:25";CET;291506;176012.41;0.629;17/09/2025
"CLOUDBERRY CLEAN";NO0010876642;CLOUD;"Oslo Børs";NOK;13.56;13.84;13.20;13.46;"17/09/2025 16:25";CET;120121;1625861.24;13.46;17/09/2025
CMB.TECH;BE0003816338;CMBTO;"Oslo Børs";NOK;92.50;93.50;91.30;92.00;"17/09/2025 16:26";CET;481981;44413425.20;92.00;17/09/2025
CONTEXTVISION;SE0014731154;CONTX;"Oslo Børs";NOK;4.64;4.64;4.45;4.48;"17/09/2025 16:25";CET;50047;227822.00;4.48;17/09/2025
"DNB BANK";NO0010161896;DNB;"Oslo Børs";NOK;267.50;268.50;265.40;265.40;"17/09/2025 16:26";CET;1442386;383381875.20;265.40;17/09/2025
DNO;NO0003921009;DNO;"Oslo Børs";NOK;14.33;14.63;14.25;14.63;"17/09/2025 16:25";CET;1537690;22302819.15;14.63;17/09/2025
"DOF GROUP";NO0012851874;DOFG;"Oslo Børs";NOK;97.30;97.45;96.55;97.05;"17/09/2025 16:25";CET;276124;26783049.75;97.05;17/09/2025
"EIDESVIK OFFSHORE";NO0010263023;EIOF;"Oslo Børs";NOK;12.95;13.00;12.70;12.90;"17/09/2025 16:18";CET;19977;256570.05;12.90;17/09/2025
"ELECTROMAGNET GEO";NO0010358484;EMGS;"Oslo Børs";NOK;1.34;1.36;1.30;1.35;"17/09/2025 16:19";CET;95957;127497.60;1.35;17/09/2025
ELKEM;NO0010816093;ELK;"Oslo Børs";NOK;25.20;25.20;24.30;24.54;"17/09/2025 16:25";CET;849724;20916795.36;24.54;17/09/2025
"ELLIPTIC LABORATOR";NO0010722283;ELABS;"Oslo Børs";NOK;9.88;9.91;9.62;9.77;"17/09/2025 16:25";CET;615273;6017713.69;9.77;17/09/2025
"ELMERA GROUP";NO0010815673;ELMRA;"Oslo Børs";NOK;33.50;34.95;33.50;34.70;"17/09/2025 16:25";CET;179657;6239510.00;34.70;17/09/2025
ELOPAK;NO0011002586;ELO;"Oslo Børs";NOK;47.00;47.00;46.05;46.05;"17/09/2025 16:25";CET;108798;5043585.35;46.05;17/09/2025
ENDÚR;NO0012555459;ENDUR;"Oslo Børs";NOK;88.00;88.00;86.50;87.20;"17/09/2025 16:25";CET;82981;7220414.20;87.20;17/09/2025
"ENSURGE MICROPOWER";NO0013186460;ENSU;"Oslo Børs";NOK;1.158;1.21;1.138;1.192;"17/09/2025 16:25";CET;1742385;2043652.41;1.192;17/09/2025
ENTRA;NO0010716418;ENTRA;"Oslo Børs";NOK;125.80;125.80;122.20;123.20;"17/09/2025 16:25";CET;34683;4272398.20;123.20;17/09/2025
"ENVIPCO HOLDING";NL0015000GX8;ENVIP;"Oslo Børs";NOK;78.60;84.60;77.40;83.60;"17/09/2025 16:27";CET;285411;23216407.20;83.60;17/09/2025
EQUINOR;NO0010096985;EQNR;"Oslo Børs";NOK;241.00;242.50;240.20;242.20;"17/09/2025 16:25";CET;1978514;478217462.10;242.20;17/09/2025
EQVA;NO0010708605;EQVA;"Oslo Børs";NOK;4.89;4.89;4.89;4.89;"17/09/2025 16:25";CET;213;1041.57;4.89;17/09/2025
EUROPRIS;NO0010735343;EPR;"Oslo Børs";NOK;104.00;104.00;102.20;102.20;"17/09/2025 16:25";CET;75471;7732741.40;102.20;17/09/2025
FRONTLINE;CY0200352116;FRO;"Oslo Børs";NOK;233.60;235.90;231.50;235.90;"17/09/2025 16:29";CET;1143089;267445570.10;235.90;17/09/2025
"GENTIAN DIAGNOSTIC";NO0010748866;GENT;"Oslo Børs";NOK;55.00;55.80;55.00;55.60;"17/09/2025 13:32";CET;2065;115027.20;55.60;17/09/2025
"GJENSIDIGE FORSIKR";NO0010582521;GJF;"Oslo Børs";NOK;282.00;283.00;280.40;282.40;"17/09/2025 16:25";CET;232138;65506009.40;282.40;17/09/2025
GOODTECH;NO0004913609;GOD;"Oslo Børs";NOK;9.44;9.44;9.10;9.18;"17/09/2025 16:27";CET;18809;173517.98;9.18;17/09/2025
"GRIEG SEAFOOD";NO0010365521;GSF;"Oslo Børs";NOK;68.85;69.00;68.15;68.35;"17/09/2025 16:25";CET;242092;16751092.50;68.35;17/09/2025
GYLDENDAL;NO0004288200;GYL;"Oslo Børs";NOK;440.00;440.00;440.00;440.00;"26/08/2025 10:41";CET;10;4400.00;440.00;17/09/2025
"HAFNIA LIMITED";SGXZ53070850;HAFNI;"Oslo Børs";NOK;62.26;63.36;62.04;62.44;"17/09/2025 16:28";CET;826248;51761348.94;62.44;17/09/2025
"HAUGESUND SPB";NO0010764053;HGSB;"Oslo Børs";NOK;155.00;155.02;155.00;155.00;"17/09/2025 15:15";CET;926;143531.00;155.00;17/09/2025
"HAVILA SHIPPING";NO0010257728;HAVI;"Oslo Børs";NOK;1.40;1.465;1.40;1.41;"17/09/2025 16:28";CET;53003;75618.02;1.41;17/09/2025
"HERMANA HOLDING";NO0013401380;HERMA;"Oslo Børs";NOK;13.15;13.45;13.10;13.45;"17/09/2025 16:25";CET;1448;19094.85;13.45;17/09/2025
"HEXAGON COMPOSITES";NO0003067902;HEX;"Oslo Børs";NOK;14.06;14.28;12.76;12.92;"17/09/2025 16:29";CET;16237279;220015171.50;12.92;17/09/2025
"HEXAGON PURUS";NO0010904923;HPUR;"Oslo Børs";NOK;1.576;1.608;1.51;1.56;"17/09/2025 16:25";CET;622524;967772.01;1.56;17/09/2025
"HIMALAYA SHIPPING";BMG4660A1036;HSHP;"Oslo Børs";NOK;86.40;87.40;86.00;86.60;"17/09/2025 16:25";CET;129020;11185056.80;86.60;17/09/2025
"HOFSETH BIOCARE";NO0010598683;HBC;"Oslo Børs";NOK;1.815;1.88;1.77;1.80;"17/09/2025 16:25";CET;152555;274153.26;1.80;17/09/2025
HYDROGENPRO;NO0010892359;HYPRO;"Oslo Børs";NOK;3.00;3.18;3.00;3.15;"17/09/2025 16:19";CET;8523;26043.45;3.15;17/09/2025
"HÖEGH AUTOLINERS";NO0011082075;HAUTO;"Oslo Børs";NOK;113.00;114.00;111.40;114.00;"17/09/2025 16:25";CET;351008;39723359.80;114.00;17/09/2025
"HØLAND OG SETSKOG";NO0010012636;HSPG;"Oslo Børs";NOK;170.00;170.00;170.00;170.00;"16/09/2025 16:00";CET;10;1700.00;170.00;17/09/2025
"IDEX BIOMETRICS";NO0013536078;IDEX;"Oslo Børs";NOK;3.12;3.40;3.10;3.152;"17/09/2025 16:25";CET;412588;1313834.79;3.152;17/09/2025
"INTEGRATED WIND SO";NO0013461350;IWS;"Oslo Børs";NOK;46.815;46.815;45.90;45.90;"17/09/2025 15:56";CET;4884;227639.64;45.90;17/09/2025
"INTEROIL EXPL PROD";NO0013119255;IOX;"Oslo Børs";NOK;1.494;1.494;1.35;1.39;"17/09/2025 16:25";CET;63773;89181.13;1.39;17/09/2025
ITERA;NO0010001118;ITERA;"Oslo Børs";NOK;8.26;8.28;8.26;8.28;"17/09/2025 15:48";CET;12947;107035.88;8.28;17/09/2025
"JINHUI SHIPP TRANS";BMG5137R1088;JIN;"Oslo Børs";NOK;6.36;6.36;6.14;6.26;"17/09/2025 16:04";CET;66970;418058.96;6.26;17/09/2025
"JÆREN SPAREBANK";NO0010359433;JAREN;"Oslo Børs";NOK;386.00;390.00;385.00;389.90;"17/09/2025 16:07";CET;128;49790.90;389.90;17/09/2025
KID;NO0010743545;KID;"Oslo Børs";NOK;152.20;153.60;151.60;151.80;"17/09/2025 16:25";CET;36241;5518185.40;151.80;17/09/2025
KITRON;NO0003079709;KIT;"Oslo Børs";NOK;62.10;62.60;60.85;60.95;"17/09/2025 16:28";CET;205585;12596139.70;60.95;17/09/2025
"KLAVENESS COMBINAT";NO0010833262;KCC;"Oslo Børs";NOK;77.70;78.00;76.80;77.40;"17/09/2025 16:25";CET;40467;3129258.70;77.40;17/09/2025
"KMC PROPERTIES";NO0013637181;KMCP;"Oslo Børs";NOK;6.62;7.249;6.62;6.88;"17/09/2025 15:52";CET;29535;203589.81;6.88;17/09/2025
KOMPLETT;NO0011016040;KOMPL;"Oslo Børs";NOK;13.80;14.45;13.80;14.35;"17/09/2025 16:25";CET;25061;356790.90;14.35;17/09/2025
"KONGSBERG AUTOMOT";NO0003033102;KOA;"Oslo Børs";NOK;1.702;1.734;1.696;1.71;"17/09/2025 16:25";CET;880737;1506997.37;1.71;17/09/2025
"KONGSBERG GRUPPEN";NO0013536151;KOG;"Oslo Børs";NOK;307.05;309.30;304.15;304.50;"17/09/2025 16:29";CET;727841;222108571.80;304.50;17/09/2025
"LERØY SEAFOOD GP";NO0003096208;LSG;"Oslo Børs";NOK;51.30;51.50;50.85;51.20;"17/09/2025 16:25";CET;208008;10646027.15;51.20;17/09/2025
LIFECARE;NO0013355859;LIFE;"Oslo Børs";NOK;10.90;11.00;9.82;9.82;"17/09/2025 16:25";CET;151462;1597796.25;9.82;17/09/2025
"LINK MOBILITY GRP";NO0010894231;LINK;"Oslo Børs";NOK;32.70;32.75;32.35;32.45;"17/09/2025 16:25";CET;1006117;32694161.20;32.45;17/09/2025
MAGNORA;NO0010187032;MGN;"Oslo Børs";NOK;22.70;22.90;22.60;22.70;"17/09/2025 16:25";CET;64211;1461324.55;22.70;17/09/2025
MEDISTIM;NO0010159684;MEDI;"Oslo Børs";NOK;251.00;251.00;243.00;243.00;"17/09/2025 16:27";CET;4377;1072248.00;243.00;17/09/2025
"MELHUS SPAREBANK";NO0006001908;MELG;"Oslo Børs";NOK;168.54;168.60;167.30;167.30;"17/09/2025 16:15";CET;3591;601849.66;167.30;17/09/2025
MORELD;NO0013325506;MORLD;"Oslo Børs";NOK;17.20;17.20;16.84;16.96;"17/09/2025 16:25";CET;109828;1870388.52;16.96;17/09/2025
"MORROW BANK";NO0010694029;MOBA;"Oslo Børs";NOK;13.75;13.90;13.60;13.90;"17/09/2025 16:25";CET;821480;11368181.20;13.90;17/09/2025
MOWI;NO0003054108;MOWI;"Oslo Børs";NOK;217.60;219.00;217.00;218.00;"17/09/2025 16:25";CET;1025765;223639552.80;218.00;17/09/2025
"MPC CONTAINER SHIP";NO0010791353;MPCC;"Oslo Børs";NOK;18.385;18.55;18.125;18.345;"17/09/2025 16:27";CET;1998946;36687519.53;18.345;17/09/2025
MULTICONSULT;NO0010734338;MULTI;"Oslo Børs";NOK;180.00;181.50;177.00;180.00;"17/09/2025 16:25";CET;36797;6605766.50;180.00;17/09/2025
NAPATECH;DK0060520450;NAPA;"Oslo Børs";NOK;24.30;24.30;23.30;24.00;"17/09/2025 16:25";CET;112423;2679222.33;24.00;17/09/2025
NAVAMEDIC;NO0010205966;NAVA;"Oslo Børs";NOK;21.50;21.80;21.20;21.80;"17/09/2025 16:25";CET;22829;490324.30;21.80;17/09/2025
NEKKAR;NO0003049405;NKR;"Oslo Børs";NOK;10.00;10.25;10.00;10.10;"17/09/2025 16:25";CET;411171;4190683.40;10.10;17/09/2025
NEL;NO0010081235;NEL;"Oslo Børs";NOK;2.112;2.146;2.10;2.10;"17/09/2025 16:25";CET;6480333;13664920.13;2.10;17/09/2025
"NEXT BIOMETRICS GP";NO0010629108;NEXT;"Oslo Børs";NOK;3.38;3.38;2.89;3.06;"17/09/2025 16:25";CET;343274;1030454.80;3.06;17/09/2025
NORBIT;NO0010856511;NORBT;"Oslo Børs";NOK;205.00;205.00;196.40;198.60;"17/09/2025 16:27";CET;3912778;782500305.00;198.60;17/09/2025
NORCONSULT;NO0013052209;NORCO;"Oslo Børs";NOK;49.20;49.20;48.75;48.80;"17/09/2025 16:25";CET;159974;7830794.15;48.80;17/09/2025
"NORDIC MINING";NO0013162693;NOM;"Oslo Børs";NOK;17.90;17.98;17.34;17.34;"17/09/2025 16:25";CET;232046;4075411.12;17.34;17/09/2025
"NORDIC SEMICONDUC";NO0003055501;NOD;"Oslo Børs";NOK;155.40;156.00;151.50;154.50;"17/09/2025 16:25";CET;709365;109048146.50;154.50;17/09/2025
"NORSK HYDRO";NO0005052605;NHY;"Oslo Børs";NOK;66.70;67.16;66.52;66.66;"17/09/2025 16:25";CET;4594723;306545175.92;66.66;17/09/2025
"NORSKE SKOG";NO0010861115;NSKOG;"Oslo Børs";NOK;20.35;20.70;19.94;19.94;"17/09/2025 16:25";CET;123706;2497453.37;19.94;17/09/2025
"NORTHERN OCEAN LTD";BMG6682J1036;NOL;"Oslo Børs";NOK;6.40;6.47;6.27;6.34;"17/09/2025 16:25";CET;207663;1325493.18;6.34;17/09/2025
"NORWEGIAN AIR SHUT";NO0010196140;NAS;"Oslo Børs";NOK;16.37;16.435;16.135;16.245;"17/09/2025 16:25";CET;2692067;43770586.32;16.245;17/09/2025
"NRC GROUP";NO0003679102;NRC;"Oslo Børs";NOK;8.70;8.73;8.54;8.65;"17/09/2025 16:25";CET;411433;3562759.11;8.65;17/09/2025
"NYKODE THERAPEUTIC";NO0010714785;NYKD;"Oslo Børs";NOK;1.50;1.50;1.446;1.50;"17/09/2025 16:25";CET;159332;234955.56;1.50;17/09/2025
"ODFJELL DRILLING";BMG671801022;ODL;"Oslo Børs";NOK;78.60;79.00;78.00;78.70;"17/09/2025 16:29";CET;299588;23539482.40;78.70;17/09/2025
"ODFJELL SER. A";NO0003399909;ODF;"Oslo Børs";NOK;129.40;131.40;128.20;130.60;"17/09/2025 16:25";CET;97623;12701920.40;130.60;17/09/2025
"ODFJELL SER. B";NO0003399917;ODFB;"Oslo Børs";NOK;126.40;128.80;126.20;127.80;"17/09/2025 16:25";CET;17866;2275551.80;127.80;17/09/2025
"ODFJELL TECHNOLOGY";BMG6716L1081;OTL;"Oslo Børs";NOK;58.00;59.40;58.00;59.40;"17/09/2025 16:25";CET;18119;1073025.50;59.40;17/09/2025
OKEA;NO0010816895;OKEA;"Oslo Børs";NOK;18.00;18.00;17.66;17.84;"17/09/2025 16:29";CET;217298;3864828.72;17.84;17/09/2025
"OKEANIS ECO TANKER";MHY641771016;OET;"Oslo Børs";NOK;300.00;302.50;296.00;298.50;"17/09/2025 16:25";CET;71770;21460492.50;298.50;17/09/2025
"OLAV THON EIENDOMS";NO0005638858;OLT;"Oslo Børs";NOK;278.00;278.00;268.00;274.00;"17/09/2025 16:25";CET;20966;5680095.00;274.00;17/09/2025
ORKLA;NO0003733800;ORK;"Oslo Børs";NOK;108.30;108.60;107.30;107.30;"17/09/2025 16:25";CET;1160834;124651159.90;107.30;17/09/2025
"OTELLO CORPORATION";NO0010040611;OTEC;"Oslo Børs";NOK;13.50;13.50;13.35;13.45;"17/09/2025 16:27";CET;75267;1012721.60;13.45;17/09/2025
OTOVO;NO0010809783;OTOVO;"Oslo Børs";NOK;1.182;1.214;1.162;1.166;"17/09/2025 16:28";CET;259340;308176.55;1.166;17/09/2025
"PANORO ENERGY";NO0010564701;PEN;"Oslo Børs";NOK;23.00;23.20;22.60;23.10;"17/09/2025 16:25";CET;406327;9319740.45;23.10;17/09/2025
"PARATUS ENERGY SER";BMG6904D1083;PLSV;"Oslo Børs";NOK;41.00;42.34;40.72;42.16;"17/09/2025 16:25";CET;196721;8180371.06;42.16;17/09/2025
"PARETO BANK";NO0010397581;PARB;"Oslo Børs";NOK;90.70;90.70;88.90;89.60;"17/09/2025 16:25";CET;61049;5486570.50;89.60;17/09/2025
"PCI BIOTECH HOLD";NO0010405640;PCIB;"Oslo Børs";NOK;0.42;0.42;0.379;0.404;"17/09/2025 14:32";CET;170211;67186.96;0.404;17/09/2025
PETROLIA;CY0102630916;PSE;"Oslo Børs";NOK;4.50;4.75;4.50;4.75;"17/09/2025 10:10";CET;2060;9620.30;4.75;17/09/2025
"PETRONOR E&P";NO0012942525;PNOR;"Oslo Børs";NOK;10.34;10.34;10.16;10.20;"17/09/2025 16:25";CET;34016;347121.56;10.20;17/09/2025
"PEXIP HOLDING";NO0010840507;PEXIP;"Oslo Børs";NOK;63.00;63.40;62.20;62.90;"17/09/2025 16:29";CET;62506;3925170.60;62.90;17/09/2025
PHOTOCURE;NO0010000045;PHO;"Oslo Børs";NOK;59.40;59.90;58.80;59.80;"17/09/2025 16:25";CET;42752;2538970.60;59.80;17/09/2025
"POLARIS MEDIA";NO0010466022;POL;"Oslo Børs";NOK;60.00;60.00;59.50;59.50;"17/09/2025 11:36";CET;342;20362.00;59.50;17/09/2025
POLIGHT;NO0012535832;PLT;"Oslo Børs";NOK;5.20;5.23;5.09;5.15;"17/09/2025 16:25";CET;212782;1095686.55;5.15;17/09/2025
PROSAFE;NO0010861990;PRS;"Oslo Børs";NOK;3.815;3.925;3.775;3.815;"17/09/2025 16:26";CET;946422;3628063.26;3.815;17/09/2025
"PROTECTOR FORSIKRG";NO0010209331;PROT;"Oslo Børs";NOK;483.50;488.00;478.00;487.00;"17/09/2025 16:25";CET;67106;32518935.00;487.00;17/09/2025
"PUBLIC PROPERTY IN";NO0013178616;PUBLI;"Oslo Børs";NOK;25.05;25.10;24.40;24.90;"17/09/2025 16:25";CET;490236;12203526.86;24.90;17/09/2025
"QUESTERRE ENERGY";CA74836K1003;QEC;"Oslo Børs";NOK;2.385;2.485;2.35;2.425;"17/09/2025 16:25";CET;792382;1914255.13;2.425;17/09/2025
"RANA GRUBER";NO0010907389;RANA;"Oslo Børs";NOK;65.90;66.30;65.60;65.70;"17/09/2025 16:25";CET;44102;2902816.30;65.70;17/09/2025
"REACH SUBSEA";NO0003117202;REACH;"Oslo Børs";NOK;6.50;6.61;6.50;6.60;"17/09/2025 16:27";CET;182465;1199938.94;6.60;17/09/2025
"REC SILICON";NO0010112675;RECSI;"Oslo Børs";NOK;1.46;1.559;1.46;1.48;"17/09/2025 16:25";CET;152061;226648.02;1.48;17/09/2025
"ROGALAND SPAREBANK";NO0006001007;ROGS;"Oslo Børs";NOK;139.98;139.98;139.98;139.98;"17/09/2025 16:17";CET;1;139.98;139.98;17/09/2025
"S.D. STANDARD ETC";CY0101550917;SDSD;"Oslo Børs";NOK;1.83;1.855;1.83;1.855;"16/09/2025 16:12";CET;10023;18342.67;1.855;17/09/2025
"SAGA PURE";NO0010572589;SAGA;"Oslo Børs";NOK;1.355;1.355;1.35;1.35;"17/09/2025 16:25";CET;185058;249891.30;1.35;17/09/2025
SALMAR;NO0010310956;SALM;"Oslo Børs";NOK;556.50;564.50;553.50;563.00;"17/09/2025 16:25";CET;262499;147325547.50;563.00;17/09/2025
"SALMON EVOLUTION";NO0010892094;SALME;"Oslo Børs";NOK;5.32;5.32;5.18;5.18;"17/09/2025 16:25";CET;1130236;5909052.99;5.18;17/09/2025
SATS;NO0010863285;SATS;"Oslo Børs";NOK;40.20;40.35;39.50;39.90;"17/09/2025 16:25";CET;619754;24716553.95;39.90;17/09/2025
SCANA;NO0003053308;SCANA;"Oslo Børs";NOK;1.698;1.70;1.658;1.70;"17/09/2025 16:25";CET;131505;221803.05;1.70;17/09/2025
SCATEC;NO0010715139;SCATC;"Oslo Børs";NOK;101.60;103.10;100.30;102.30;"17/09/2025 16:25";CET;252061;25716008.20;102.30;17/09/2025
"Sea1 Offshore";KYG812291253;SEA1;"Oslo Børs";NOK;22.15;22.35;21.70;21.95;"17/09/2025 16:25";CET;395915;8694897.20;21.95;17/09/2025
"SED ENERGY HOLDING";CY0101162119;ENH;"Oslo Børs";NOK;8.76;8.90;8.66;8.90;"17/09/2025 16:25";CET;340311;2976722.78;8.90;17/09/2025
"SELVAAG BOLIG";NO0010612450;SBO;"Oslo Børs";NOK;35.85;36.70;35.85;36.70;"17/09/2025 16:25";CET;16477;600588.95;36.70;17/09/2025
SENTIA;NO0013573014;SNTIA;"Oslo Børs";NOK;67.47;67.47;65.60;66.75;"17/09/2025 16:25";CET;55893;3717782.25;66.75;17/09/2025
"SHELF DRILLING";KYG236271055;SHLF;"Oslo Børs";NOK;18.24;18.30;18.22;18.24;"17/09/2025 16:25";CET;624660;11403708.06;18.24;17/09/2025
"SKUE SPAREBANK";NO0006001809;SKUE;"Oslo Børs";NOK;330.00;330.00;320.05;327.85;"17/09/2025 16:07";CET;1345;437777.85;327.85;17/09/2025
SMARTCRAFT;NO0011008971;SMCRT;"Oslo Børs";NOK;27.30;29.00;26.90;29.00;"17/09/2025 16:25";CET;16864;467460.20;29.00;17/09/2025
"SMARTOPTICS GROUP";NO0011012502;SMOP;"Oslo Børs";NOK;23.00;24.80;22.90;24.50;"17/09/2025 16:25";CET;155130;3709588.90;24.50;17/09/2025
"SOFTWAREONE HOLD";CH0496451508;SWON;"Oslo Børs";NOK;101.56;102.00;100.26;100.72;"17/09/2025 16:25";CET;101135;10212759.12;100.72;17/09/2025
"SOGN SPAREBANK";NO0006000603;SOGN;"Oslo Børs";NOK;262.00;262.00;257.05;259.95;"17/09/2025 11:58";CET;186;48398.50;259.95;17/09/2025
"SOLSTAD MARITIME";NO0013135368;SOMA;"Oslo Børs";NOK;23.00;23.85;22.70;23.80;"17/09/2025 16:25";CET;392382;9209640.15;23.80;17/09/2025
"SOLSTAD OFFSHORE";NO0003080608;SOFF;"Oslo Børs";NOK;54.80;57.60;54.30;57.30;"17/09/2025 16:25";CET;215412;12125121.30;57.30;17/09/2025
"SPAREBANK 1 SMN";NO0006390301;MING;"Oslo Børs";NOK;193.68;193.78;191.90;192.82;"17/09/2025 16:25";CET;40411;7792264.94;192.82;17/09/2025
"SPAREBANK 1 SØR-N";NO0010631567;SB1NO;"Oslo Børs";NOK;179.60;179.80;177.60;178.20;"17/09/2025 16:25";CET;137473;24501176.80;178.20;17/09/2025
"SPAREBANKEN MØRE";NO0012483207;MORG;"Oslo Børs";NOK;106.52;107.96;106.52;107.96;"17/09/2025 16:25";CET;6505;698052.06;107.96;17/09/2025
"SPAREBANKEN NORGE";NO0006000900;SBNOR;"Oslo Børs";NOK;173.94;173.94;171.72;171.72;"17/09/2025 16:25";CET;138765;23909944.40;171.72;17/09/2025
"SPAREBANKEN ØST";NO0006222009;SPOG;"Oslo Børs";NOK;73.34;73.61;72.50;72.50;"17/09/2025 16:25";CET;15706;1147758.91;72.50;17/09/2025
"SPBK 1 NORDMØRE";NO0010691660;SNOR;"Oslo Børs";NOK;166.78;168.14;166.30;167.00;"17/09/2025 16:25";CET;7374;1228072.52;167.00;17/09/2025
"SPBK 1 ØSTLANDET";NO0010751910;SPOL;"Oslo Børs";NOK;190.20;190.20;187.88;187.94;"17/09/2025 16:25";CET;13320;2513063.62;187.94;17/09/2025
"SPBK1 HELGELAND";NO0010029804;HELG;"Oslo Børs";NOK;174.00;181.98;174.00;181.98;"17/09/2025 16:25";CET;2035;359411.54;181.98;17/09/2025
"SPBK1 NORD-NORGE";NO0006000801;NONG;"Oslo Børs";NOK;141.60;141.60;138.98;139.56;"17/09/2025 16:25";CET;51384;7174809.00;139.56;17/09/2025
"SPBK1 RINGERIKE";NO0006390400;RING;"Oslo Børs";NOK;389.00;392.00;389.00;392.00;"17/09/2025 14:43";CET;1056;413785.00;392.00;17/09/2025
"SPBK1 ØSTFOLD AKE";NO0010285562;SOAG;"Oslo Børs";NOK;434.05;434.05;434.05;434.05;"17/09/2025 09:24";CET;2002;880868.10;434.05;17/09/2025
"SPIR GROUP";NO0012548819;SPIR;"Oslo Børs";NOK;7.90;7.96;7.82;7.96;"17/09/2025 16:25";CET;418573;3326290.63;7.96;17/09/2025
STOLT-NIELSEN;BMG850801025;SNI;"Oslo Børs";NOK;352.50;354.00;347.50;354.00;"17/09/2025 16:25";CET;57710;20248527.50;354.00;17/09/2025
STOREBRAND;NO0003053605;STB;"Oslo Børs";NOK;156.40;156.60;154.90;156.20;"17/09/2025 16:25";CET;965642;150715017.50;156.20;17/09/2025
STRONGPOINT;NO0010098247;STRO;"Oslo Børs";NOK;10.80;10.90;10.75;10.90;"17/09/2025 16:25";CET;41775;451093.85;10.90;17/09/2025
"SUBSEA 7";LU0075646355;SUBC;"Oslo Børs";NOK;201.00;202.20;199.60;201.80;"17/09/2025 16:25";CET;198276;39902459.30;201.80;17/09/2025
TECHSTEP;NO0012916131;TECH;"Oslo Børs";NOK;13.40;13.40;12.75;12.80;"17/09/2025 16:25";CET;13796;177263.90;12.80;17/09/2025
"TEKNA HOLDING";NO0010951577;TEKNA;"Oslo Børs";NOK;4.99;4.99;4.52;4.53;"17/09/2025 16:18";CET;32224;149055.16;4.53;17/09/2025
TELENOR;NO0010063308;TEL;"Oslo Børs";NOK;167.80;168.40;166.90;167.20;"17/09/2025 16:25";CET;1419496;237470994.20;167.20;17/09/2025
TGS;NO0003078800;TGS;"Oslo Børs";NOK;72.45;73.25;72.10;72.70;"17/09/2025 16:25";CET;194325;14117475.60;72.70;17/09/2025
"THOR MEDICAL";NO0010597883;TRMED;"Oslo Børs";NOK;4.72;4.80;4.51;4.675;"17/09/2025 16:29";CET;7524309;35029863.29;4.675;17/09/2025
TIETOEVRY;FI0009000277;TIETO;"Oslo Børs";NOK;185.40;185.70;185.00;185.20;"17/09/2025 16:25";CET;10423;1931268.50;185.20;17/09/2025
"TOMRA SYSTEMS";NO0012470089;TOM;"Oslo Børs";NOK;153.00;158.30;152.30;154.00;"17/09/2025 16:25";CET;540120;83956719.00;154.00;17/09/2025
TREASURE;NO0010763550;TRE;"Oslo Børs";NOK;39.10;39.40;37.80;39.40;"17/09/2025 16:25";CET;8501;328888.50;39.40;17/09/2025
"TRØNDELAG SPBK";NO0010788268;TRSB;"Oslo Børs";NOK;116.96;116.96;115.00;115.00;"12/09/2025 10:53";CET;62;7208.40;115.00;17/09/2025
VEIDEKKE;NO0005806802;VEI;"Oslo Børs";NOK;163.00;163.20;161.40;162.40;"17/09/2025 16:25";CET;25605;4158066.80;162.40;17/09/2025
"VEND SER. A";NO0003028904;VENDA;"Oslo Børs";NOK;396.00;396.00;384.80;385.20;"17/09/2025 16:27";CET;126447;48767613.60;385.20;17/09/2025
"VEND SER. B";NO0010736879;VENDB;"Oslo Børs";NOK;366.80;370.20;362.40;362.40;"17/09/2025 16:26";CET;47504;17253901.20;362.40;17/09/2025
"VISTIN PHARMA";NO0010734122;VISTN;"Oslo Børs";NOK;23.20;23.40;23.20;23.40;"17/09/2025 16:16";CET;1159;27030.80;23.40;17/09/2025
"VOSS VEKSEL OGLAND";NO0003025009;VVL;"Oslo Børs";NOK;376.00;378.00;376.00;378.00;"17/09/2025 13:40";CET;154;58064.00;378.00;17/09/2025
VOW;NO0010708068;VOW;"Oslo Børs";NOK;2.185;2.19;2.055;2.08;"17/09/2025 16:29";CET;1403963;2945750.89;2.08;17/09/2025
"VÅR ENERGI";NO0011202772;VAR;"Oslo Børs";NOK;32.71;32.88;32.22;32.58;"17/09/2025 16:27";CET;3840818;124910775.36;32.58;17/09/2025
"WALLENIUS WILHELMS";NO0010571680;WAWI;"Oslo Børs";NOK;94.00;94.45;92.95;94.05;"17/09/2025 16:25";CET;297727;27931659.05;94.05;17/09/2025
WEBSTEP;NO0010609662;WSTEP;"Oslo Børs";NOK;22.20;22.40;22.00;22.40;"17/09/2025 16:25";CET;42387;941507.60;22.40;17/09/2025
"WILH. WILHELMSEN A";NO0010571698;WWI;"Oslo Børs";NOK;526.00;527.00;516.00;521.00;"17/09/2025 16:25";CET;16447;8570866.00;521.00;17/09/2025
"WILH. WILHELMSEN B";NO0010576010;WWIB;"Oslo Børs";NOK;498.50;501.00;492.00;494.50;"17/09/2025 16:25";CET;3694;1829567.50;494.50;17/09/2025
"YARA INTERNATIONAL";NO0010208051;YAR;"Oslo Børs";NOK;367.10;367.70;361.20;362.60;"17/09/2025 16:27";CET;364985;132424467.90;362.60;17/09/2025
ZALARIS;NO0010708910;ZAL;"Oslo Børs";NOK;76.00;77.80;76.00;76.00;"17/09/2025 16:25";CET;19011;1458791.40;76.00;17/09/2025
ZAPTEC;NO0010713936;ZAP;"Oslo Børs";NOK;28.90;30.00;28.90;30.00;"17/09/2025 16:25";CET;469287;13925442.20;30.00;17/09/2025
ZELLUNA;NO0013524942;ZLNA;"Oslo Børs";NOK;13.20;13.20;12.70;12.70;"17/09/2025 16:27";CET;3162;41603.07;12.70;17/09/2025
